model,timeframe,response,component,term,OR,CI_lower,CI_upper,std.error,statistic,estimate,p.value
a3meta,3_month,abundance,conditional,(Intercept),2.9847194718259793,0.6599994272671662,13.497815236574429,0.7699092218773059,1.4203047996673033,1.0935057631404563,0.15551896445799815
a3meta,3_month,abundance,conditional,eventhurricane,1.149217925158203,0.3826684706501773,3.451295157034943,0.5610550624925551,0.2478930415996917,0.13908164594618458,0.8042171639085431
a3meta,3_month,abundance,conditional,timingpost,0.6086115894491279,0.19781053830382475,1.8725396027327412,0.5734033595619632,-0.8660134103124235,-0.49657499889885653,0.3864828077556411
a3meta,3_month,abundance,conditional,psite_typetrematode,0.375511209256312,0.07097210356571364,1.9868182171967985,0.8500007295913127,-1.152313077597393,-0.9794669566753951,0.24919244496060985
a3meta,3_month,abundance,conditional,psite_typetrematode_metacercaria,1.396509015696131,0.19726402573102206,9.886432276201283,0.9985651927150196,0.3344554414088475,0.33397556230501274,0.7380359093778257
a3meta,3_month,abundance,conditional,ciimpact,1.161889497114205,0.6368276301154958,2.1198628006442894,0.3067876597717499,0.48909254326425755,0.1500475567598549,0.6247761803701148
a3meta,3_month,abundance,conditional,eventhurricane:timingpost,0.585813340542205,0.12700848166369524,2.702002775420257,0.7799731318137965,-0.6856057597797658,-0.5347540716450013,0.49296174845443597
a3meta,3_month,abundance,conditional,eventhurricane:psite_typetrematode,0.5204319068218761,0.17999725123723834,1.5047416989789004,0.5416925903056835,-1.2056584007270066,-0.65309622211362,0.22794923104540976
a3meta,3_month,abundance,conditional,eventhurricane:psite_typetrematode_metacercaria,0.1319196750509861,0.029282669062681465,0.5943037715689758,0.7679578436579271,-2.637595384550687,-2.0255620639616465,0.008349614008859158
a3meta,3_month,abundance,conditional,timingpost:psite_typetrematode,1.6166569044334684,0.5531751142472883,4.724687498295602,0.547163797481302,0.8779096496871281,0.48036037776828855,0.37999275207358757
a3meta,3_month,abundance,conditional,timingpost:psite_typetrematode_metacercaria,0.1981241259652303,0.03922836026640198,1.0006324256970212,0.8262723324961474,-1.9592348457339053,-1.6188615458922835,0.05008529005818121
a3meta,3_month,abundance,conditional,eventhurricane:timingpost:psite_typetrematode,4.466868629615005,0.90555552104696,22.033895095874435,0.814231796450567,1.8381591573510565,1.4966876328520111,0.0660389561721284
a3meta,3_month,abundance,conditional,eventhurricane:timingpost:psite_typetrematode_metacercaria,10.46220149603995,1.481422086702241,73.8868828312137,0.9973298003745904,2.354054700543718,2.3477689045641323,0.01856987819485701
a3meta,3_month,abundance,zero_inflated,(Intercept),1.7312921917628696,0.11267823845723998,26.601167131278388,1.3939219543831145,0.39375810074876755,0.5488680613499054,0.6937596411899064
a3meta,3_month,abundance,zero_inflated,eventhurricane,1.316394248946197,0.278076566855653,6.231714661372928,0.7932424245777399,0.346547739740545,0.27489636930372546,0.7289311130564997
a3meta,3_month,abundance,zero_inflated,timingpost,2.4513607562896187,0.318537541973909,18.86487074722582,1.0411521534847727,0.8612029261069513,0.8966432811036399,0.38912628876731925
a3meta,3_month,abundance,zero_inflated,psite_typetrematode,8.620010412348527,0.34314616032688317,216.5391547386514,1.6447372917259868,1.309684107875634,2.1540862926039357,0.1903027219622258
a3meta,3_month,abundance,zero_inflated,psite_typetrematode_metacercaria,20.005379499076646,0.8344826938920976,479.59677514154185,1.620890044250869,1.8483679525129144,2.9960012123405457,0.06454913154676212
a3meta,3_month,abundance,zero_inflated,ciimpact,1.0891911538194916,0.5189446521563292,2.286057606777799,0.3782619412289617,0.2258629556652656,0.08543536006165427,0.8213080104256294
a3meta,3_month,abundance,zero_inflated,eventhurricane:timingpost,0.4443182799843761,0.03584945568586435,5.506882326420309,1.2842922288783585,-0.6316429456703047,-0.8112141265502075,0.5276202174091165
a3meta,3_month,abundance,zero_inflated,eventhurricane:psite_typetrematode,0.6697919143320143,0.09094036305758274,4.93313632606108,1.0187567080906244,-0.39340913024341934,-0.4007881904595816,0.6940173272489584
a3meta,3_month,abundance,zero_inflated,eventhurricane:psite_typetrematode_metacercaria,0.13255470184044207,0.016054043307492345,1.0944749957045594,1.0770585035657372,-1.876183947282104,-2.020759874673721,0.06063002557343694
a3meta,3_month,abundance,zero_inflated,timingpost:psite_typetrematode,0.2491754907237488,0.03820575448503778,1.6251066367956746,0.9567200433717767,-1.452460266055668,-1.389597848736561,0.1463736696189649
a3meta,3_month,abundance,zero_inflated,timingpost:psite_typetrematode_metacercaria,0.06907947320246162,0.007595832174093224,0.6282357888586816,1.12635608603199,-2.3726934002309266,-2.6724976516380403,0.017658915545718374
a3meta,3_month,abundance,zero_inflated,eventhurricane:timingpost:psite_typetrematode,4.821932075644931,0.2572134103243738,90.39586587966537,1.495420327356078,1.0519949906634387,1.5731746933148738,0.29280184791461983
a3meta,3_month,abundance,zero_inflated,eventhurricane:timingpost:psite_typetrematode_metacercaria,9.548974821347372,0.4455868201881644,204.63558616976357,1.563671922786492,1.4430353114989436,2.2564338001803574,0.14901052426682782
a6meta,6_month,abundance,conditional,(Intercept),1.7263231610782126,0.542916832992639,5.489223165264207,0.5902004791868324,0.9250988869130885,0.5459938063513101,0.35491447201227516
a6meta,6_month,abundance,conditional,eventhurricane,1.3959285404740422,0.7156590203640449,2.7228280992235074,0.34087309604794375,0.9785454414709797,0.3335598142578148,0.3278046280854113
a6meta,6_month,abundance,conditional,timingpost,1.341869633872453,0.6494576216536767,2.7724890035537513,0.3702457057715727,0.7942398414936003,0.29406389066570005,0.42705581843604284
a6meta,6_month,abundance,conditional,psite_typetrematode,0.37269289704142994,0.09737437590765508,1.4264532553909213,0.6847916597880738,-1.441315057920822,-0.9870005307911434,0.1494956951362076
a6meta,6_month,abundance,conditional,psite_typetrematode_metacercaria,0.9362015537254336,0.16883413587111284,5.191327835900503,0.8739357143018647,-0.07543402727482569,-0.06592449050909113,0.93986938647473
a6meta,6_month,abundance,conditional,ciimpact,1.1506476353349202,0.8558844292412461,1.546926121644227,0.15099228037973106,0.929351783199241,0.14032494502022283,0.35270680709018143
a6meta,6_month,abundance,conditional,eventhurricane:timingpost,0.4736955061335363,0.20795856297655216,1.0790006880188308,0.42001320395576963,-1.7789692057188602,-0.7471905558326292,0.07524481073102585
a6meta,6_month,abundance,conditional,eventhurricane:psite_typetrematode,1.1438752898798819,0.4998039246324047,2.6179279799775914,0.4224292259586283,0.3182115876748857,0.13442187467256816,0.750324443568957
a6meta,6_month,abundance,conditional,eventhurricane:psite_typetrematode_metacercaria,0.4220456570298116,0.12040953229408922,1.479305942179706,0.6399055094789996,-1.3480768113514698,-0.8626417787846875,0.1776336787998211
a6meta,6_month,abundance,conditional,timingpost:psite_typetrematode,1.1532683573810822,0.4612507298816881,2.883524768573516,0.4675578890372346,0.3049888893486199,0.14259996128365143,0.7603746144594753
a6meta,6_month,abundance,conditional,timingpost:psite_typetrematode_metacercaria,0.24126977026437113,0.06157514320087073,0.9453668967285368,0.6967639880135723,-2.0406330081609174,-1.4218395928383334,0.04128731870284651
a6meta,6_month,abundance,conditional,eventhurricane:timingpost:psite_typetrematode,2.153225774718259,0.7370209881006439,6.2907044870721185,0.5469928507690865,1.4021519238857487,0.766967078057625,0.16086988446657216
a6meta,6_month,abundance,conditional,eventhurricane:timingpost:psite_typetrematode_metacercaria,5.243516224387689,0.9979438668822904,27.551111147476956,0.8464543664997154,1.9575683865038638,1.656992308477998,0.050280679941382876
a6meta,6_month,abundance,zero_inflated,(Intercept),1.1278045339012612,0.15267259363023056,8.331181362968506,1.0202716397427936,0.11788316741018573,0.12027285251166443,0.9061602307046135
a6meta,6_month,abundance,zero_inflated,eventhurricane,2.610803421241241,0.5991229768082728,11.377120838659263,0.7509930594978174,1.2778520201485215,0.9596579981968048,0.20130160825338184
a6meta,6_month,abundance,zero_inflated,timingpost,6.058394411607495,1.3870989075173568,26.461085541686682,0.7521583506181956,2.3950339910684053,1.801444816396526,0.016618824548030285
a6meta,6_month,abundance,zero_inflated,psite_typetrematode,8.213925577381687,0.8411355098148442,80.21130079934048,1.1626701314464398,1.8112024193943477,2.105830955033336,0.07010952384605668
a6meta,6_month,abundance,zero_inflated,psite_typetrematode_metacercaria,29.569766701503585,2.5689534243158536,340.3608234019297,1.24655808982465,2.7168829690138128,3.386752444130982,0.006589990521748078
a6meta,6_month,abundance,zero_inflated,ciimpact,1.2881388743779505,0.8263557696345364,2.0079750401180534,0.22649404486750255,1.1179033150295334,0.25319844359182897,0.26360828907793216
a6meta,6_month,abundance,zero_inflated,eventhurricane:timingpost,0.330211148175717,0.0638049504057029,1.708948940265603,0.8387252616829295,-1.3210797823757428,-1.1080229861771225,0.18647476350455067
a6meta,6_month,abundance,zero_inflated,eventhurricane:psite_typetrematode,1.0531928332002067,0.19296145086901012,5.74837688516997,0.8658628521882007,0.05985514183992301,0.05182634383164504,0.9522710074251608
a6meta,6_month,abundance,zero_inflated,eventhurricane:psite_typetrematode_metacercaria,0.09428338019646375,0.014735872960414788,0.6032459566630733,0.9469490161871469,-2.493746029035164,-2.3614503488154526,0.012640295061520387
a6meta,6_month,abundance,zero_inflated,timingpost:psite_typetrematode,0.34524792106179075,0.0610699586537128,1.9517964253647306,0.8837972961852598,-1.2033217490544945,-1.06349250825528,0.2288518358894088
a6meta,6_month,abundance,zero_inflated,timingpost:psite_typetrematode_metacercaria,0.043895675966704496,0.006008899198929497,0.32066278777270707,1.0145786978026354,-3.0810221699547853,-3.1259394610937763,0.0020629128828205476
a6meta,6_month,abundance,zero_inflated,eventhurricane:timingpost:psite_typetrematode,1.9958761253531174,0.2979408536529316,13.370175519450378,0.9703792879427582,0.7121783441835101,0.6910831145170471,0.47635434529068404
a6meta,6_month,abundance,zero_inflated,eventhurricane:timingpost:psite_typetrematode_metacercaria,20.154677409146355,1.9544852412685743,207.83529744287029,1.190464048914846,2.522912299349763,3.003436390940983,0.011638742345361199
a3mono,3_month,abundance,conditional,(Intercept),4.168183839208026,0.8929635347263695,19.456288909668405,0.7860662981052478,1.8159796625485545,1.4274804107739592,0.069373491912857
a3mono,3_month,abundance,conditional,eventhurricane,0.15160550786690563,0.03360879350568368,0.6838754866846216,0.768619418324911,-2.4543661399672008,-1.8864734748579468,0.014113319889426967
a3mono,3_month,abundance,conditional,timingpost,0.12058056165530642,0.02493633987723361,0.5830716103762923,0.8040775095120605,-2.6308871507523763,-2.1154371879842517,0.008516230919885777
a3mono,3_month,abundance,conditional,psite_typetrematode,0.2688926164595558,0.04766618678784024,1.5168664426270098,0.8826988930772381,-1.4879855233744663,-1.3134431743975963,0.13675471146437027
a3mono,3_month,abundance,conditional,psite_typemonogenean,0.71607531099627,0.10114977538999999,5.0693523444946615,0.9985627557842968,-0.3344506218187937,-0.3339699345971463,0.7380395456830051
a3mono,3_month,abundance,conditional,ciimpact,1.1618937133535148,0.636831673866102,2.1198647249041596,0.30678627148421916,0.48910658487277425,0.1500511855314982,0.6247662397996057
a3mono,3_month,abundance,conditional,eventhurricane:timingpost,6.128915256202022,0.869017774950263,43.22535545358183,0.9966374883435094,1.8191346391444119,1.813017777715563,0.06889089152288047
a3mono,3_month,abundance,conditional,eventhurricane:psite_typetrematode,3.94505195844291,0.863606808976282,18.021436136270285,0.7750509290213561,1.7708025028136558,1.3724621249190665,0.07659354960862545
a3mono,3_month,abundance,conditional,eventhurricane:psite_typemonogenean,7.580286928014074,1.6826293328798565,34.149380845914365,0.7679558179527878,2.6375880029629495,2.025551052237872,0.008349795736249868
a3mono,3_month,abundance,conditional,timingpost:psite_typetrematode,8.159828362760614,1.7445040319398566,38.167179720228965,0.7871187968917684,2.666971165050241,2.0992231347793835,0.007653823833550415
a3mono,3_month,abundance,conditional,timingpost:psite_typemonogenean,5.047334112763854,0.9993746305126471,25.491523266706825,0.8262682502804226,1.9592429031223197,1.6188602054372148,0.050084346889702855
a3mono,3_month,abundance,conditional,eventhurricane:timingpost:psite_typetrematode,0.4269518637417854,0.05690164811981488,3.203560880499451,1.0282382498359406,-0.8277108963101012,-0.8510840033920362,0.407834246761064
a3mono,3_month,abundance,conditional,eventhurricane:timingpost:psite_typemonogenean,0.09558282744477814,0.013534366563067717,0.6750280376821298,0.9973270676700865,-2.3540543322297576,-2.3477621042987677,0.018569896594992745
a3mono,3_month,abundance,zero_inflated,(Intercept),34.63634936295571,3.8392513859137014,312.4767243932927,1.122258313380598,3.1587234845752485,3.5449036902351034,0.001584617616080771
a3mono,3_month,abundance,zero_inflated,eventhurricane,0.1744939398679601,0.036092546785685624,0.843612816558544,0.8039814432124424,-2.171524332100478,-1.7458652664930772,0.02989155989620138
a3mono,3_month,abundance,zero_inflated,timingpost,0.16933485250630165,0.01945733638035965,1.4737008043030464,1.1039050712378837,-1.608722701696342,-1.775877148618101,0.10767698952844415
a3mono,3_month,abundance,zero_inflated,psite_typetrematode,0.4308678652178248,0.029460574445081034,6.30154437835012,1.3687492632040814,-0.6151264046219114,-0.8419538131036168,0.5384712455812641
a3mono,3_month,abundance,zero_inflated,psite_typemonogenean,0.049986262636376996,0.002085078365737146,1.1983369514600997,1.620888663457066,-1.8483731338995546,-2.9960070585763976,0.06454838250120512
a3mono,3_month,abundance,zero_inflated,ciimpact,1.089197916563657,0.5189497179969591,2.286063678819771,0.3782601285632898,0.22588045249911498,0.0854415690022493,0.82129440158571
a3mono,3_month,abundance,zero_inflated,eventhurricane:timingpost,4.242823336417981,0.3849806497074156,46.759622536182384,1.2243832323120698,1.1803730161714796,1.4452289288739832,0.23785188924079684
a3mono,3_month,abundance,zero_inflated,eventhurricane:psite_typetrematode,5.052967247669854,0.677961171165135,37.660678947356956,1.0248167892239997,1.5807465895987565,1.6199756445293851,0.11393599110871848
a3mono,3_month,abundance,zero_inflated,eventhurricane:psite_typemonogenean,7.543850367014142,0.9136631273787986,62.287375570432786,1.0770541099526252,1.8761663799065103,2.0207327104332453,0.06063243704109184
a3mono,3_month,abundance,zero_inflated,timingpost:psite_typetrematode,3.6071163568573525,0.5260045653532942,24.736075062711183,0.9823234933308532,1.3059940729659139,1.2829086600252657,0.1915545731748308
a3mono,3_month,abundance,zero_inflated,timingpost:psite_typemonogenean,14.476019630099552,1.591772916595192,131.64889422749252,1.1263495024625483,2.37270354885596,2.672493461745033,0.017658430398138802
a3mono,3_month,abundance,zero_inflated,eventhurricane:timingpost:psite_typetrematode,0.50496712363537,0.02964549319860341,8.60136798009458,1.4465220467349789,-0.47234810909405134,-0.6832619535381242,0.6366783364090141
a3mono,3_month,abundance,zero_inflated,eventhurricane:timingpost:psite_typemonogenean,0.10472599429658881,0.004886919774693225,2.244263132414043,1.5636658974778885,-1.443024319629968,-2.256407917836613,0.14901362053304196
a6mono,6_month,abundance,conditional,(Intercept),1.5894271495527654,0.43382527758741096,5.8232629453603275,0.6624934082448001,0.6994389110104908,0.46337366801437146,0.48427777773748587
a6mono,6_month,abundance,conditional,eventhurricane,0.6007162281822976,0.2034177770681884,1.7739845160170102,0.5524799885712838,-0.9224453963597427,-0.5096326220384639,0.35629629976688454
a6mono,6_month,abundance,conditional,timingpost,0.33621393673152916,0.10692115012580387,1.0572259194697173,0.584518380466063,-1.8647961152305612,-1.0900076051739733,0.06220998804081295
a6mono,6_month,abundance,conditional,psite_typetrematode,0.3954340909649204,0.09298005561917412,1.6817382959814777,0.7385709752568045,-1.2561706106981427,-0.927771153032263,0.20905411972997245
a6mono,6_month,abundance,conditional,psite_typemonogenean,1.119389462400219,0.22360917614565065,5.603673293427245,0.8217545480312946,0.13724708197450475,0.11278341381657318,0.8908354969597371
a6mono,6_month,abundance,conditional,ciimpact,1.1590852531791913,0.859537688521876,1.5630246841739008,0.1525467984429487,0.9677759264102985,0.14763111918404975,0.3331562891727023
a6mono,6_month,abundance,conditional,eventhurricane:timingpost,2.3012620729440307,0.5751941724893165,9.206990233318157,0.7074006651582407,1.1781975065288142,0.8334576998062638,0.238717876412457
a6mono,6_month,abundance,conditional,eventhurricane:psite_typetrematode,2.6817853746694187,0.8270718334775291,8.695705142745856,0.600176777917166,1.6436536593800255,0.9864827572984627,0.10024776322188804
a6mono,6_month,abundance,conditional,eventhurricane:psite_typemonogenean,2.277778786367195,0.7233680871294176,7.172387463501938,0.5852233811993114,1.4066436476211788,0.823200751603399,0.15953308349117074
a6mono,6_month,abundance,conditional,timingpost:psite_typetrematode,4.762805074297359,1.3573006271447285,16.71281344905313,0.6404790314396165,2.4369834442325824,1.560836795996465,0.01481035742197223
a6mono,6_month,abundance,conditional,timingpost:psite_typemonogenean,3.880780828782314,1.1074065770792734,13.59975654178027,0.6398038333277283,2.1194564760057264,1.356036377919742,0.034051908292989416
a6mono,6_month,abundance,conditional,eventhurricane:timingpost:psite_typetrematode,0.43009762404388924,0.09371389500913642,1.973922503062797,0.7774315024538475,-1.0852956958126672,-0.8437430634023357,0.2777907116295915
a6mono,6_month,abundance,conditional,eventhurricane:timingpost:psite_typemonogenean,0.2159216768676177,0.048290217196544,0.9654578763141394,0.76412588632783085,-2.006003947224677,-1.5328395441501836,0.044855826861915686
a6mono,6_month,abundance,zero_inflated,(Intercept),33.88460319829537,6.463095006977661,177.6496141038234,0.8453328683492053,4.167542586097131,3.5229607282729525,3.0790100267971255e-5
a6mono,6_month,abundance,zero_inflated,eventhurricane,0.2733331939739728,0.07371483356537452,1.0135142591315145,0.6686160679855585,-1.9399230729696018,-1.2970637372433969,0.0523890395465422
a6mono,6_month,abundance,zero_inflated,timingpost,0.2754057369340768,0.06751239894271592,1.1234724454179001,0.7173133409723819,-1.7976939615790304,-1.289509861626131,0.07222551886154939
a6mono,6_month,abundance,zero_inflated,psite_typetrematode,0.27905880746863454,0.03743747500996328,2.080103372492183,1.0248726177071557,-1.2453574403905723,-1.2763327399141688,0.21300039015765249
a6mono,6_month,abundance,zero_inflated,psite_typemonogenean,0.03385456831171419,0.002982289162058914,0.3843127655606861,1.2394810035474688,-2.731531440602765,-3.385681331219778,0.006304072569194821
a6mono,6_month,abundance,zero_inflated,ciimpact,1.2568156228395546,0.7923752491758733,1.9934816382218643,0.2353578767559581,0.9712070897374019,0.22858123853092815,0.33144516409924457
a6mono,6_month,abundance,zero_inflated,eventhurricane:timingpost,5.858738605718614,1.0419701674725506,32.94222725531336,0.8810311288596018,2.0066649945840314,1.7679343254214157,0.04478534572001995
a6mono,6_month,abundance,zero_inflated,eventhurricane:psite_typetrematode,10.21244392880156,2.050485811513669,50.86307372296617,0.8191480731746631,2.836614094345516,2.323606969723221,0.004559468445197979
a6mono,6_month,abundance,zero_inflated,eventhurricane:psite_typemonogenean,9.263209986217083,1.6236008079197783,52.849850055625,0.8884715488649881,2.5054833125627085,2.226050639367971,0.012228416850625068
a6mono,6_month,abundance,zero_inflated,timingpost:psite_typetrematode,7.316533726469032,1.2996016979515668,41.1908247387915,0.8816728825787549,2.2572279589274338,1.9901366811849097,0.023993834234615197
a6mono,6_month,abundance,zero_inflated,timingpost:psite_typemonogenean,19.19656487903836,3.0347062766934276,121.43122581097039,0.9411309741494881,3.1395538258074214,2.954731350476891,0.001692053267344295
a6mono,6_month,abundance,zero_inflated,eventhurricane:timingpost:psite_typetrematode,0.1167745874596265,0.01516055333290034,0.8994595366630479,1.0416064257766366,-2.061728645518769,-2.1475098053801114,0.03923357775101615
a6mono,6_month,abundance,zero_inflated,eventhurricane:timingpost:psite_typemonogenean,0.06812396404990059,0.007805594133860166,0.5945574927782027,1.1053512107036487,-2.430382494457285,-2.686426232721314,0.015082895955122988
p3,3_month,prevalence,conditional,(Intercept),0.03315133562513385,0.007664587837464008,0.14338814780859765,0.7471797282211856,-4.559374597757404,-3.406672272810954,5.130618266242813e-6
p3,3_month,prevalence,conditional,eventhurricane,0.7082515187760318,0.20779872180287554,2.41397160433166,0.6256272222254052,-0.5513762566790074,-0.3449559958671294,0.5813757735025626
p3,3_month,prevalence,conditional,timingpost,0.7826342237781319,0.23173258315396805,2.643203298786127,0.620959893706177,-0.3946951192453261,-0.24508983929292452,0.6930679052253648
p3,3_month,prevalence,conditional,ciimpact,0.9262116658867856,0.4896100080726331,1.7521456585452617,0.3252518454504048,-0.2356711903638194,-0.07665248958532592,0.8136878270104764
p3,3_month,prevalence,conditional,eventhurricane:timingpost,0.4663867987048696,0.08001040602755334,2.718604451666823,0.8994176675575536,-0.8480375430931704,-0.7627399490100977,0.3964170627677963
p3,3_month,prevalence,zero_inflated,(Intercept),0.030389717932897433,0.005905173039349369,0.1563942241636365,0.8358548837856612,-4.179733852663173,-3.4936509536727702,2.9185046186678105e-5
p3,3_month,prevalence,zero_inflated,eventhurricane,0.7253801376271086,0.1597015625491296,3.2947476259166426,0.772137247833547,-0.4158061726442132,-0.32105943377770346,0.6775518416753076
p3,3_month,prevalence,zero_inflated,timingpost,0.2342324457538025,0.06837905637541537,0.8023632023025961,0.6281874468502927,-2.3105226091880082,-1.4514412987556915,0.020859238300055153
p3,3_month,prevalence,zero_inflated,ciimpact,0.8668997498353171,0.4216135584562613,1.7824739294822711,0.36777254340020726,-0.3883703126962895,-0.1428319376814482,0.6977420104622792
p3,3_month,prevalence,zero_inflated,eventhurricane:timingpost,5.198669246172526,0.8163808371431462,33.10484604914994,0.9445290812996038,1.7452111441291795,1.6484026786381643,0.08094812209912962
p6,6_month,prevalence,conditional,(Intercept),0.022644453572686934,0.005743092966766894,0.08928486454473007,0.699957671924829,-5.411527702813457,-3.787840332418025,6.248932464447069e-8
p6,6_month,prevalence,conditional,eventhurricane,0.835897602348589,0.31527482148426444,2.2162404162902476,0.4974803126195585,-0.36031407491174966,-0.17924915862832425,0.7186122749647343
p6,6_month,prevalence,conditional,timingpost,1.4304097332678225,0.4948444108098902,4.13477844819669,0.5415677639849964,0.6609716342006926,0.3579609299915781,0.5086305048334355
p6,6_month,prevalence,conditional,ciimpact,1.3475207185818343,0.8123564922629644,2.235240444683385,0.25820530843833056,1.1551520805583453,0.2982663992537468,0.24802815404337078
p6,6_month,prevalence,conditional,eventhurricane:timingpost,0.46478304512255064,0.12042667119245128,1.793815912159265,0.6890457638808775,-1.1119501665402287,-0.7661845519011807,0.26615957732131035
p6,6_month,prevalence,zero_inflated,(Intercept),0.009040317830701678,0.0019571933074492395,0.04175742179836896,0.7807055464664125,-6.027958899783599,-4.706060946932629,1.6604325983727221e-9
p6,6_month,prevalence,zero_inflated,eventhurricane,1.5318120274455775,0.42357019082742525,5.539691267799677,0.6558609209549647,0.6502161550953232,0.4264513663006148,0.5155526071786355
p6,6_month,prevalence,zero_inflated,timingpost,1.1008887188059482,0.3027711081409734,4.00287853961912,0.6586203864371227,0.14593805745192814,0.09611777979487193,0.8839702876978119
p6,6_month,prevalence,zero_inflated,ciimpact,1.7356673758044148,0.8909034709704241,3.3814451706539517,0.3402608108758508,1.6204980898658021,0.5513919940805052,0.105125324313974
p6,6_month,prevalence,zero_inflated,eventhurricane:timingpost,0.8581010438874954,0.16527367344734628,4.455261301827332,0.8403669043219588,-0.18210310148156889,-0.15303341965949355,0.8555018148006641
lc3direct,3_month,life_cycle,conditional,(Intercept),0.3826798571334165,0.10458831081654889,1.4001935007107928,0.661819879269293,-1.4513866258663926,-0.9605565215039624,0.14667223174952407
lc3direct,3_month,life_cycle,conditional,eventhurricane,0.7349310649399681,0.23691717567393206,2.2797995488396547,0.5775847424953686,-0.5332179863937007,-0.30797857336510454,0.5938826921782107
lc3direct,3_month,life_cycle,conditional,timingpost,1.1577437578760792,0.3805877716119647,3.5218436031823566,0.5676079227752124,0.258053259808078,0.14647307476503535,0.79636580337615
lc3direct,3_month,life_cycle,conditional,life_historyDirect,2.697823955557852,0.6652902944462591,10.939967343488338,0.7142741358445587,1.389446230619376,0.9924455056781342,0.1646971005790905
lc3direct,3_month,life_cycle,conditional,ciimpact,0.7727574772727266,0.4558244013568266,1.310052987298165,0.2693151053800973,-0.9572059519903288,-0.25779002183073174,0.338463313460897
lc3direct,3_month,life_cycle,conditional,eventhurricane:timingpost,1.157996547128723,0.26323934552714234,5.094056135403132,0.7558076525564796,0.19408562072116756,0.1466913973922329,0.8461088405483834
lc3direct,3_month,life_cycle,conditional,eventhurricane:life_historyDirect,1.9865616764837033,0.7870684238205438,5.014084131741956,0.47237012007977164,1.4531091498531417,0.6864053436051434,0.146193451008763
lc3direct,3_month,life_cycle,conditional,timingpost:life_historyDirect,1.2374466857079838,0.4516454844416662,3.390434207180589,0.5142387069529509,0.4143020146010889,0.21305013227646655,0.6786529386370932
lc3direct,3_month,life_cycle,conditional,eventhurricane:timingpost:life_historyDirect,0.19879105336532896,0.05280301523428601,0.7484020130812028,0.676370405217162,-2.388485623415412,-1.6155009889648477,0.016917970227799995
lc3direct,3_month,life_cycle,zero_inflated,(Intercept),29.163204621867173,10.37104037366425,82.00647892342575,0.5274951308331347,6.394197030111247,3.3729077989713736,1.61393210589041e-10
lc3direct,3_month,life_cycle,zero_inflated,eventhurricane,0.6155527456017356,0.2490932591607729,1.5211378416839343,0.4615782022252442,-1.0512512054405587,-0.48523464149437395,0.2931432310442403
lc3direct,3_month,life_cycle,zero_inflated,timingpost,0.8205643388435342,0.3097123226529865,2.174036307028527,0.4971165543163822,-0.3978200999711251,-0.1977629573354444,0.6907627998919716
lc3direct,3_month,life_cycle,zero_inflated,life_historyDirect,0.11320072672942894,0.020824716792391392,0.6153459208988029,0.8637867331960699,-2.522141877893215,-2.1785926933623814,0.01166426521847203
lc3direct,3_month,life_cycle,zero_inflated,ciimpact,0.8806373124971392,0.5143646597878457,1.5077281485124874,0.2743435690550711,-0.46332201378290583,-0.12710941488298524,0.6431335688580677
lc3direct,3_month,life_cycle,zero_inflated,eventhurricane:timingpost,2.5931956930820164,0.7551085251329781,8.90555950409231,0.629482026342678,1.5137699467020342,0.9528909734666442,0.13008419745251631
lc3direct,3_month,life_cycle,zero_inflated,eventhurricane:life_historyDirect,2.0153166317503346,0.5133471269315938,7.911802585681423,0.6977445522227375,1.0043450975956036,0.700776320398946,0.315212303398499
lc3direct,3_month,life_cycle,zero_inflated,timingpost:life_historyDirect,5.978310810709735,1.515629647857138,23.58109067078486,0.700156680187567,2.553911296618638,1.7881380549340302,0.01065203894384746
lc3direct,3_month,life_cycle,zero_inflated,eventhurricane:timingpost:life_historyDirect,0.16331922664482842,0.021606721972551868,1.2344847971732655,1.031990950263465,-1.7558763933864832,-1.8120485477561024,0.07910951658511185
lc6direct,6_month,life_cycle,conditional,(Intercept),0.4762193942262801,0.2306962396692292,0.9830455483904202,0.3697840790274432,-2.0062427258881366,-0.7418766186980518,0.04483035739745909
lc6direct,6_month,life_cycle,conditional,eventhurricane,1.1808235128890452,0.6181530929391649,2.255661557821969,0.330220008338313,0.5033374209492707,0.16621208734285314,0.6147270610431761
lc6direct,6_month,life_cycle,conditional,timingpost,0.8682686864061119,0.4403536582657504,1.7120114654263352,0.34638930635845033,-0.4077899146356539,-0.14125406567061582,0.683427918544022
lc6direct,6_month,life_cycle,conditional,life_historyDirect,2.2586088370379227,0.6493442486758132,7.856100811162557,0.6359904787911538,1.2810711670808548,0.814749064917295,0.20016867016763634
lc6direct,6_month,life_cycle,conditional,ciimpact,1.122710330716387,0.8409138919724081,1.498938831585693,0.14745495511699994,0.7849563279832698,0.11574570011157811,0.4324791744450208
lc6direct,6_month,life_cycle,conditional,eventhurricane:timingpost,1.3416923766908322,0.6140491297883942,2.9315869795151976,0.39878169533869073,0.7370744149129123,0.2939317847697447,0.46107709708425165
lc6direct,6_month,life_cycle,conditional,eventhurricane:life_historyDirect,1.127258650508692,0.507857706136996,2.502102557057388,0.40680749436372277,0.2944604363054896,0.11978871228268483,0.7684060911898511
lc6direct,6_month,life_cycle,conditional,timingpost:life_historyDirect,1.3743784974338973,0.5722126663821815,3.3010738230443994,0.4470643823443572,0.7113105843974327,0.318001627068642,0.4768917940762849
lc6direct,6_month,life_cycle,conditional,eventhurricane:timingpost:life_historyDirect,0.38527759379692145,0.14085813709873604,1.0538178861324554,0.513372874128637,-1.8578916606690592,-0.9537911816573013,0.06318440088558465
lc6direct,6_month,life_cycle,zero_inflated,(Intercept),16.246686337151196,6.601888944056136,39.981711170016155,0.45945569313220996,6.067808086699897,2.78788897026793,1.296677164387882e-9
lc6direct,6_month,life_cycle,zero_inflated,eventhurricane,1.1032744309359959,0.46557301436718124,2.6144437765827444,0.4401881920995576,0.2232738524138865,0.09828251343717215,0.82332237637157
lc6direct,6_month,life_cycle,zero_inflated,timingpost,0.9393943802668735,0.3838637955738985,2.2988930236508813,0.4566059187123469,-0.13692307765393047,-0.06251988766509493,0.8910915973031964
lc6direct,6_month,life_cycle,zero_inflated,life_historyDirect,0.20817526196359473,0.04295407493770613,1.0089133512119726,0.8052289848257463,-1.948979703977047,-1.569374948479421,0.05129784856033365
lc6direct,6_month,life_cycle,zero_inflated,ciimpact,1.0964441155005118,0.761152306353759,1.5794338247159707,0.1862214911794138,0.4944237141376581,0.09207232132117892,0.6210069696893252
lc6direct,6_month,life_cycle,zero_inflated,eventhurricane:timingpost,1.7425053281582352,0.6124697068848797,4.957510199325743,0.5334590394632216,1.040986993065501,0.5553239214144294,0.2978815849353099
lc6direct,6_month,life_cycle,zero_inflated,eventhurricane:life_historyDirect,1.8563005442912621,0.5207121141261313,6.617575464935991,0.648542605332582,0.9538086586135106,0.6185855524459815,0.34018050571952796
lc6direct,6_month,life_cycle,zero_inflated,timingpost:life_historyDirect,4.931179436558473,1.3215458018177586,18.400066499466202,0.6718245319608752,2.374992457345155,1.5955781960665176,0.01754930880117469
lc6direct,6_month,life_cycle,zero_inflated,eventhurricane:timingpost:life_historyDirect,0.2519029504992554,0.05595804354754862,1.1339763231055657,0.7675723003600771,-1.7961974162785885,-1.3787113827137831,0.0724631255052131
lc3complex,3_month,life_cycle,conditional,(Intercept),1.0323893562642696,0.21050431223287774,5.063211160010081,0.81128827526042,0.03929044715645567,0.03187587910777159,0.9686588228017116
lc3complex,3_month,life_cycle,conditional,eventhurricane,1.4599855027283362,0.46731967222610954,4.561241040898386,0.5812082849780259,0.6511030826876932,0.37842650603281996,0.5149799467015019
lc3complex,3_month,life_cycle,conditional,timingpost,1.4326441759206472,0.4812750440009325,4.264649414889199,0.5565500847759636,0.6459828517570335,0.3595218109091957,0.5182904610379075
lc3complex,3_month,life_cycle,conditional,life_historyComplex,0.370669070872039,0.09140790773465146,1.5031036537887623,0.7142743263697544,-1.389446001425267,-0.9924456066951813,0.16469717023013347
lc3complex,3_month,life_cycle,conditional,ciimpact,0.7727509175050818,0.4558217499556255,1.310038366012763,0.2693137420728912,-0.9572423176840537,-0.25779851064601983,0.33844496225157683
lc3complex,3_month,life_cycle,conditional,eventhurricane:timingpost,0.2301987172730754,0.049309945310332136,1.0746604787465814,0.7861311902589747,-1.8684061555351585,-1.4688123549380492,0.061705479730021225
lc3complex,3_month,life_cycle,conditional,eventhurricane:life_historyComplex,0.5033870421098682,0.19944051944171934,1.2705468019911093,0.47236902954775317,-1.4530925916387587,-0.68639593735543,0.1461980477144554
lc3complex,3_month,life_cycle,conditional,timingpost:life_historyComplex,0.8081323779797746,0.29495283839014147,2.21417750683044,0.5142400028264235,-0.4142606537339127,-0.2130293997470033,0.6786832259628122
lc3complex,3_month,life_cycle,conditional,eventhurricane:timingpost:life_historyComplex,5.030316051584441,1.3361572974595144,18.937949616366026,0.6763699028833584,2.3884605281339635,1.6154828154547038,0.016919125674091588
lc3complex,3_month,life_cycle,zero_inflated,(Intercept),3.301219440036816,0.6553718641901083,16.628803259267958,0.8249206124262587,1.4477658934782487,1.1942919274979265,0.14768253436488826
lc3complex,3_month,life_cycle,zero_inflated,eventhurricane,1.2405435527472113,0.3814835997345278,4.034113936571896,0.6016515564498855,0.3582632343405811,0.2155496325597807,0.7201463292185777
lc3complex,3_month,life_cycle,zero_inflated,timingpost,4.9056969360480895,1.342203844300574,17.930109893920324,0.6612674728915097,2.4050739450854994,1.5903971697839017,0.016169193690819896
lc3complex,3_month,life_cycle,zero_inflated,life_historyComplex,8.83383160614303,1.6250941483746677,48.019729148455525,0.8637872956178898,2.5221357873958854,2.178588850975789,0.011664467184907486
lc3complex,3_month,life_cycle,zero_inflated,ciimpact,0.8806339065064005,0.5143631913160721,1.5077207902541674,0.2743430523597296,-0.46333698426155245,-0.1271132825334663,0.6431228398435729
lc3complex,3_month,life_cycle,zero_inflated,eventhurricane:timingpost,0.4235061795120049,0.062232033730017774,2.8820765341361647,0.9784174625534107,-0.8781396554661601,-0.8591871734687266,0.3798679349772526
lc3complex,3_month,life_cycle,zero_inflated,eventhurricane:life_historyComplex,0.49619984652982174,0.12639320697839262,1.9480025357558166,0.6977454203865544,-1.0043441297360554,-0.7007765170154521,0.31521276975090196
lc3complex,3_month,life_cycle,zero_inflated,timingpost:life_historyComplex,0.16727187191241308,0.04240695108353408,0.6597946425803495,0.7001572320275459,-2.553904655929194,-1.7881348147576464,0.010652242096309309
lc3complex,3_month,life_cycle,zero_inflated,eventhurricane:timingpost:life_historyComplex,6.123082285139764,0.8100652905407404,46.28285782441732,1.031992877581865,1.7558896485295286,1.8120656111021978,0.07910725281483537
lc6complex,6_month,life_cycle,conditional,(Intercept),1.0755865913077347,0.34409151579696123,3.3621477493320073,0.5814866335646732,0.12531015312248034,0.07286617909066481,0.9002780145141454
lc6complex,6_month,life_cycle,conditional,eventhurricane,1.3311074781532377,0.6922727161557954,2.5594640335308543,0.33356458601531774,0.8574390030332589,0.2860112860801758,0.391202311710788
lc6complex,6_month,life_cycle,conditional,timingpost,1.1933416620073092,0.5765016154047675,2.470182709345085,0.37119113685868915,0.47618995580481394,0.17675749105587782,0.6339390545840041
lc6complex,6_month,life_cycle,conditional,life_historyComplex,0.44275550347513204,0.1272913983768764,1.5400289285621411,0.6359891700086459,-1.2810557327197145,-0.8147375721872289,0.20017409096615518
lc6complex,6_month,life_cycle,conditional,ciimpact,1.1227081057945436,0.8409123056835873,1.4989357181449716,0.14745490646643566,0.7849431473091913,0.11574371836794645,0.4324869027323294
lc6complex,6_month,life_cycle,conditional,eventhurricane:timingpost,0.5169154742851961,0.22620817047361833,1.1812199665292455,0.42164473717387435,-1.5650044986723408,-0.6598759105186301,0.11758185448509341
lc6complex,6_month,life_cycle,conditional,eventhurricane:life_historyComplex,0.8870906975414071,0.39965627582545715,1.9690167608131794,0.4068073274740084,-0.2945080921335396,-0.11980804988031428,0.7683696808393554
lc6complex,6_month,life_cycle,conditional,timingpost:life_historyComplex,0.7275866614013047,0.3029257987116377,1.7475644270002515,0.4470638915170979,-0.7113573045469423,-0.3180221648298694,0.4768628494028366
lc6complex,6_month,life_cycle,conditional,eventhurricane:timingpost:life_historyComplex,2.595604689808106,0.9489602800472611,7.099521283881662,0.5133713501915362,1.8579523579518795,0.9538195105933048,0.0631757801494078
lc6complex,6_month,life_cycle,zero_inflated,(Intercept),3.382205192941943,0.7611483700410185,15.029017228989112,0.7609463742999822,1.601332185631648,1.2185279207062687,0.10930336394352921
lc6complex,6_month,life_cycle,zero_inflated,eventhurricane,2.0480220119378774,0.6153101187295802,6.816715723840462,0.6135221098521297,1.1684574094792175,0.7168744551360434,0.2426223093416841
lc6complex,6_month,life_cycle,zero_inflated,timingpost,4.632332511916613,1.3635398035163304,15.73735100773879,0.623967555342814,2.4569555105659067,1.5330605235138641,0.014012003810817728
lc6complex,6_month,life_cycle,zero_inflated,life_historyComplex,4.8035594444906335,0.9911485377243487,23.280247569887845,0.8052286036814781,1.9489585775533815,1.569357194036349,0.051300371671815705
lc6complex,6_month,life_cycle,zero_inflated,ciimpact,1.096443560269227,0.7611520044925363,1.579432851467511,0.18622143515481254,0.49442114358005274,0.09207181492836106,0.6210087847242699
lc6complex,6_month,life_cycle,zero_inflated,eventhurricane:timingpost,0.43893738906145874,0.1064398500025923,1.8100930385696528,0.7228452776977734,-1.1391075285554602,-0.8233984978062959,0.25465830779575777
lc6complex,6_month,life_cycle,zero_inflated,eventhurricane:life_historyComplex,0.5387021868759285,0.15111184332791777,1.9204321762865668,0.6485421644321046,-0.9538198496351374,-0.6185923897606765,0.3401748399674292
lc6complex,6_month,life_cycle,zero_inflated,timingpost:life_historyComplex,0.20278985561918203,0.05434754268061848,0.7566804958177865,0.6718218618302343,-2.3750120690789505,-1.5955850301178975,0.017548376389804686
lc6complex,6_month,life_cycle,zero_inflated,eventhurricane:timingpost:life_historyComplex,3.9698608442797716,0.8818860145852584,17.870557943202407,0.7675630146719937,1.7962447589469275,1.3787310422660723,0.07245559911516415
a3season,3_month,abundance,conditional,(Intercept),18.281991543343832,14.837252382091151,22.526489823299013,0.10651807934795557,27.280969807685054,2.905916506664177,7.134759502005985e-164
a3season,3_month,abundance,conditional,seasonspring,1.0940124311332913,0.5028494058563757,2.380162302142648,0.39659010846443743,0.22656154308399523,0.08985206694555198,0.8207646988496471
a3season,3_month,abundance,conditional,seasonsummer,1.0666149004200338,0.761126896356363,1.4947144178509992,0.17216590542987584,0.3745804893406144,0.06448998910369283,0.7079724855388667
a3season,3_month,abundance,conditional,seasonwinter,1.0970003004822821,0.7576402994130128,1.588365429070454,0.18883979602439346,0.4902539462277456,0.09257945520580144,0.623954211382892
a3season,3_month,abundance,conditional,eventhurricane,0.6902448775696383,0.5145367891978981,0.9259551523105575,0.14988743478767402,-2.4732483403151866,-0.37070884932271553,0.013389106643993181
a3season,3_month,abundance,conditional,seasonspring:eventhurricane,0.6760307217124711,0.218012434547952,2.096291148010474,0.577391031100679,-0.6780790427334049,-0.39151675765160204,0.4977215778090689
a3season,3_month,abundance,conditional,seasonsummer:eventhurricane,1.388768800204833,0.8879318326550132,2.1721023050332717,0.22820301191122058,1.4391466467982816,0.32841759938130144,0.15010897806701548
a3season,3_month,abundance,conditional,seasonwinter:eventhurricane,NA,NA,NA,NA,NA,NA,NA
a6season,6_month,abundance,conditional,(Intercept),16.29164501356329,13.273010582275868,19.996796928828456,0.10455087072636243,26.691814053368105,2.7906524005457927,5.858208727666447e-157
a6season,6_month,abundance,conditional,seasonspring,1.1077849910248387,0.7652040649202534,1.6037389797031394,0.18876288126059945,0.5422809685328708,0.10236251807305315,0.5876249641484035
a6season,6_month,abundance,conditional,seasonsummer,1.098041589316197,0.7427690422737485,1.6232439200443671,0.19943793221808967,0.4689590323514351,0.09352821970716643,0.6390989194083267
a6season,6_month,abundance,conditional,seasonwinter,1.1867057165918828,0.8996296439765255,1.565389121202192,0.14130268874359114,1.2114501459018605,0.17118116289474866,0.2257229305583955
a6season,6_month,abundance,conditional,eventhurricane,0.8209759648904155,0.6292930585192137,1.0710455578736853,0.13566161919585173,-1.45406966638805,-0.1972614453657748,0.14592699243035998
a6season,6_month,abundance,conditional,seasonspring:eventhurricane,1.2045374242196458,0.7760305665411813,1.8696562595626882,0.22431580746330806,0.8296143505468347,0.18609561292606114,0.4067568604957077
a6season,6_month,abundance,conditional,seasonsummer:eventhurricane,1.1647050640219747,0.731237959136301,1.8551250919204223,0.23749195803401132,0.6419918059490515,0.15246789103663128,0.5208785033423079
a6season,6_month,abundance,conditional,seasonwinter:eventhurricane,0.7881544909109757,0.5376246727958747,1.1554296760836935,0.19517012377748844,-1.219762273432175,-0.23806115388486826,0.22255500685336838
p3season,3_month,prevalence,conditional,(Intercept),26.84230318426685,19.115154060096607,37.69309093564589,0.17321310882463192,18.9938229408905,3.2899791200562567,1.9184055141624997e-80
p3season,3_month,prevalence,conditional,seasonspring,1.0431219011335655,0.22898420989950852,4.751870450377459,0.7736327933091547,0.05457116740907797,0.042218044676826494,0.9564801095921575
p3season,3_month,prevalence,conditional,seasonsummer,0.7277054152232455,0.4349747065381274,1.2174389990623933,0.2625553231513339,-1.2106361367258522,-0.3178589620967386,0.22603488824347082
p3season,3_month,prevalence,conditional,seasonwinter,0.8149470310255893,0.43536243501644817,1.5254845387667206,0.31986951550644777,-0.63973636292296,-0.20463216046002425,0.5223440107745765
p3season,3_month,prevalence,conditional,eventhurricane,0.5699915134990304,0.3527926581745356,0.9209101094733775,0.2447657950848707,-2.296619127961299,-0.5621338068625698,0.021640506498811954
p3season,3_month,prevalence,conditional,seasonspring:eventhurricane,1.2406148875601817,0.22849998035739788,6.735778693847627,0.86317667774813,0.24978331705820098,0.21560713377520574,0.8027549219416824
p3season,3_month,prevalence,conditional,seasonsummer:eventhurricane,2.3638100290368382,1.1828163442232993,4.723977547878961,0.3532532699994765,2.4352916431561837,0.8602747363473201,0.014879791316084901
p3season,3_month,prevalence,conditional,seasonwinter:eventhurricane,NA,NA,NA,NA,NA,NA,NA
p6season,6_month,prevalence,conditional,(Intercept),28.42857576053589,20.699038178403868,39.04451563434185,0.16189162942318044,20.676762844234677,3.347394828049827,5.6080082382092546e-95
p6season,6_month,prevalence,conditional,seasonspring,0.7308762970725221,0.4075527356020547,1.3107019410220062,0.2979968797706758,-1.0520615452237507,-0.31351105780339344,0.29277131366548104
p6season,6_month,prevalence,conditional,seasonsummer,0.7738687655353019,0.3928471010624862,1.524442625773317,0.3459090945383519,-0.741099258122514,-0.2563529733402031,0.45863325940984206
p6season,6_month,prevalence,conditional,seasonwinter,0.837520708323589,0.5339576367355656,1.3136640224104976,0.2296579009656507,-0.7720583027474516,-0.17730928923208258,0.44007989698568134
p6season,6_month,prevalence,conditional,eventhurricane,0.5318594756951089,0.3439411303150454,0.8224503467426735,0.22240244953875976,-2.838889451407435,-0.6313759679627594,0.004527083784484772
p6season,6_month,prevalence,conditional,seasonspring:eventhurricane,2.1642330825147442,1.0525425437304217,4.4500859973323035,0.3677843657858582,2.099235682965069,0.7720660642943509,0.035796129929446974
p6season,6_month,prevalence,conditional,seasonsummer:eventhurricane,2.225611575016336,1.00153033101499,4.945778205066221,0.4073992764152175,1.9637534707110975,0.8000317430255731,0.049558688386565394
p6season,6_month,prevalence,conditional,seasonwinter:eventhurricane,1.282071516251154,0.6694064918699936,2.4554697224265336,0.3315514969687638,0.7494375507924919,0.24847714184985462,0.45359352521447
lc3season,3_month,life_cycle,conditional,(Intercept),44.62513344576075,33.05135505231475,60.25176673996875,0.15318095150473077,24.796145951340566,3.7982972304765252,9.865523290127582e-136
lc3season,3_month,life_cycle,conditional,seasonspring,1.165263568442839,0.2602298929458898,5.2178447624480935,0.7648658854298678,0.199966168382904,0.1529473004362079,0.8415070404246865
lc3season,3_month,life_cycle,conditional,seasonsummer,0.9029457915439809,0.5662927396156991,1.4397343377919294,0.23803641214456553,-0.4288955540880358,-0.10209275887987149,0.667999235828842
lc3season,3_month,life_cycle,conditional,seasonwinter,1.1030130939534517,0.6209713604770396,1.959249593247145,0.29312037139056446,0.3344892439709058,0.09804561141890103,0.7380104060391142
lc3season,3_month,life_cycle,conditional,eventhurricane,0.8598194214256485,0.5595769986631203,1.3211576587796958,0.21915370068466503,-0.6891642093975465,-0.1510328868688937,0.49071993691967164
lc3season,3_month,life_cycle,conditional,seasonspring:eventhurricane,0.9908135491975588,0.18732387473653914,5.2407173973642545,0.8498404608717693,-0.010859575270561476,-0.009228906452805634,0.9913354828567031
lc3season,3_month,life_cycle,conditional,seasonsummer:eventhurricane,1.372178254225721,0.7299049894104118,2.5796140438646096,0.32206140233276304,0.98241963016287,0.31639944376948836,0.32589315939828567
lc3season,3_month,life_cycle,conditional,seasonwinter:eventhurricane,0.28354659074544813,0.05474711833162168,1.4685461367366395,0.8391080187857158,-1.5020459819785779,-1.2603788280630894,0.13308523399122157
lc6season,6_month,life_cycle,conditional,(Intercept),47.52094010999598,35.19488373700083,64.16386443588985,0.15319884421373345,25.203652665494964,3.861170458318211,3.6528613592035937e-140
lc6season,6_month,life_cycle,conditional,seasonspring,0.9711512561493353,0.55819263114218,1.6896223807014057,0.2825398519565565,-0.10360679754128456,-0.029273049239007462,0.9174813930412332
lc6season,6_month,life_cycle,conditional,seasonsummer,0.9409338683223425,0.500043490167087,1.7705590852911812,0.32253968574352626,-0.18875946942988464,-0.06088241995102974,0.850281339421386
lc6season,6_month,life_cycle,conditional,seasonwinter,1.0054519753295357,0.6603866014876432,1.5308209954846896,0.21447297078192906,0.025351292941625025,0.005437167110353269,0.9797747612085812
lc6season,6_month,life_cycle,conditional,eventhurricane,0.8047370897363973,0.539242194840437,1.2009479039173359,0.2042606206179211,-1.0635415228418597,-0.21723965150860716,0.2875364452994306
lc6season,6_month,life_cycle,conditional,seasonspring:eventhurricane,1.4535084097599829,0.7394451968092224,2.857124106505042,0.34481394637003615,1.0845855592723066,0.3739802268686368,0.2781052536981017
lc6season,6_month,life_cycle,conditional,seasonsummer:eventhurricane,1.2873095381489443,0.6144065538429537,2.6971812664498866,0.37737389858238424,0.6692418633793505,0.25255441107800486,0.5033412055037771
lc6season,6_month,life_cycle,conditional,seasonwinter:eventhurricane,0.894992716054479,0.4988817000621833,1.605615041984364,0.29818703374172084,-0.37204736180147596,-0.11093969922701494,0.709857586716343
